repo,open_issues,stars,open_prs,closed_prs,recent_activity,date
beautyboot,5,0,0,1,0,2026-03-18
formula-1-plotly-utils,0,0,0,0,0,2026-03-18
formula1-evaluations,0,0,0,0,0,2026-03-18
formula1-theme,0,0,0,0,6,2026-03-18
govdata,0,0,0,0,0,2026-03-18
nb2hugo-markdown,0,0,0,0,0,2026-03-18
wifi-mesh-evaluation,0,0,0,0,0,2026-03-18
beautyboot,5,0,0,1,0,2026-03-20
formula-1-plotly-utils,0,0,0,0,0,2026-03-20
formula1-evaluations,0,0,0,0,0,2026-03-20
formula1-theme,1,0,0,0,6,2026-03-20
govdata,0,0,0,0,0,2026-03-20
nb2hugo-markdown,1,0,0,0,0,2026-03-20
wifi-mesh-evaluation,0,0,0,0,0,2026-03-20
beautyboot,5,0,0,1,0,2026-03-21
formula-1-plotly-utils,0,0,0,0,0,2026-03-21
formula1-evaluations,0,0,0,0,0,2026-03-21
formula1-theme,1,0,0,0,6,2026-03-21
govdata,0,0,0,0,0,2026-03-21
nb2hugo-markdown,1,0,0,0,0,2026-03-21
wifi-mesh-evaluation,0,0,0,0,0,2026-03-21
beautyboot,5,0,0,1,0,2026-03-22
formula-1-plotly-utils,0,0,0,0,0,2026-03-22
formula1-evaluations,0,0,0,0,0,2026-03-22
formula1-theme,1,0,0,0,6,2026-03-22
govdata,0,0,0,0,0,2026-03-22
nb2hugo-markdown,1,0,0,0,0,2026-03-22
wifi-mesh-evaluation,0,0,0,0,0,2026-03-22
beautyboot,5,0,0,1,0,2026-03-23
formula-1-plotly-utils,0,0,0,0,0,2026-03-23
formula1-evaluations,0,0,0,0,0,2026-03-23
formula1-theme,1,0,0,0,6,2026-03-23
govdata,0,0,0,0,0,2026-03-23
nb2hugo-markdown,1,0,0,0,0,2026-03-23
wifi-mesh-evaluation,0,0,0,0,0,2026-03-23
