date,repo,site,views
2026-03-26,github-repo-stats,protogia.github.io,1
2026-03-26,protogia.github.io,protogia.github.io,1
2026-03-27,github-repo-stats,protogia.github.io,1
2026-03-27,protogia.github.io,protogia.github.io,1
2026-03-28,formula1-evaluations,github.com,1
2026-03-28,github-repo-stats,protogia.github.io,1
2026-03-28,protogia.github.io,protogia.github.io,2
2026-03-29,formula1-evaluations,github.com,1
2026-03-29,github-repo-stats,protogia.github.io,1
2026-03-29,protogia.github.io,protogia.github.io,2
2026-03-30,formula1-evaluations,github.com,1
2026-03-30,github-repo-stats,protogia.github.io,1
2026-03-30,protogia.github.io,protogia.github.io,2
2026-03-31,formula1-evaluations,github.com,1
2026-03-31,github-repo-stats,protogia.github.io,1
2026-03-31,protogia.github.io,protogia.github.io,2
2026-04-01,formula1-evaluations,github.com,1
2026-04-01,github-repo-stats,protogia.github.io,1
2026-04-01,protogia.github.io,protogia.github.io,2
