date,repo,views
2026-03-02,beautyboot,0
2026-03-03,color-reader-lamp,0
2026-03-02,formula-1-plotly-utils,0
2026-03-02,formula1-evaluations,0
2026-03-02,formula1-theme,0
2026-03-02,govdata,0
2026-03-02,nb2hugo-markdown,0
2026-03-03,sportcam-backend,0
2026-03-03,sportcam-sensor,0
2026-03-02,wifi-mesh-evaluation,0
2026-03-04,color-reader-lamp,0
2026-03-05,color-reader-lamp,0
2026-03-06,color-reader-lamp,0
2026-03-07,color-reader-lamp,0
2026-03-08,color-reader-lamp,0
2026-03-09,color-reader-lamp,0
2026-03-10,color-reader-lamp,0
2026-03-11,color-reader-lamp,0
2026-03-12,color-reader-lamp,0
2026-03-13,color-reader-lamp,0
2026-03-14,color-reader-lamp,0
2026-03-15,color-reader-lamp,0
2026-03-16,color-reader-lamp,0
2026-03-17,color-reader-lamp,0
2026-03-03,beautyboot,0
2026-03-04,beautyboot,0
2026-03-05,beautyboot,0
2026-03-06,beautyboot,0
2026-03-07,beautyboot,0
2026-03-08,beautyboot,0
2026-03-09,beautyboot,0
2026-03-10,beautyboot,0
2026-03-11,beautyboot,0
2026-03-12,beautyboot,0
2026-03-13,beautyboot,0
2026-03-14,beautyboot,0
2026-03-15,beautyboot,0
2026-03-16,beautyboot,0
2026-03-03,formula-1-plotly-utils,0
2026-03-04,formula-1-plotly-utils,0
2026-03-05,formula-1-plotly-utils,0
2026-03-06,formula-1-plotly-utils,0
2026-03-07,formula-1-plotly-utils,0
2026-03-08,formula-1-plotly-utils,0
2026-03-09,formula-1-plotly-utils,0
2026-03-10,formula-1-plotly-utils,0
2026-03-11,formula-1-plotly-utils,0
2026-03-12,formula-1-plotly-utils,0
2026-03-13,formula-1-plotly-utils,0
2026-03-14,formula-1-plotly-utils,0
2026-03-15,formula-1-plotly-utils,0
2026-03-16,formula-1-plotly-utils,0
2026-03-03,formula1-evaluations,0
2026-03-04,formula1-evaluations,0
2026-03-05,formula1-evaluations,0
2026-03-06,formula1-evaluations,0
2026-03-07,formula1-evaluations,0
2026-03-08,formula1-evaluations,0
2026-03-09,formula1-evaluations,0
2026-03-10,formula1-evaluations,0
2026-03-11,formula1-evaluations,0
2026-03-12,formula1-evaluations,0
2026-03-13,formula1-evaluations,0
2026-03-14,formula1-evaluations,0
2026-03-15,formula1-evaluations,0
2026-03-16,formula1-evaluations,0
2026-03-03,formula1-theme,0
2026-03-04,formula1-theme,0
2026-03-05,formula1-theme,0
2026-03-06,formula1-theme,0
2026-03-07,formula1-theme,0
2026-03-08,formula1-theme,0
2026-03-09,formula1-theme,0
2026-03-10,formula1-theme,0
2026-03-11,formula1-theme,0
2026-03-12,formula1-theme,0
2026-03-13,formula1-theme,0
2026-03-14,formula1-theme,0
2026-03-15,formula1-theme,0
2026-03-16,formula1-theme,0
2026-03-04,github-repo-stats,0
2026-03-05,github-repo-stats,0
2026-03-06,github-repo-stats,0
2026-03-07,github-repo-stats,0
2026-03-08,github-repo-stats,0
2026-03-09,github-repo-stats,0
2026-03-10,github-repo-stats,0
2026-03-11,github-repo-stats,0
2026-03-12,github-repo-stats,0
2026-03-13,github-repo-stats,0
2026-03-14,github-repo-stats,0
2026-03-15,github-repo-stats,0
2026-03-16,github-repo-stats,0
2026-03-17,github-repo-stats,0
2026-03-03,govdata,0
2026-03-04,govdata,0
2026-03-05,govdata,0
2026-03-06,govdata,0
2026-03-07,govdata,0
2026-03-08,govdata,0
2026-03-09,govdata,0
2026-03-10,govdata,0
2026-03-11,govdata,0
2026-03-12,govdata,0
2026-03-13,govdata,0
2026-03-14,govdata,0
2026-03-15,govdata,0
2026-03-16,govdata,0
2026-03-03,nb2hugo-markdown,0
2026-03-04,nb2hugo-markdown,0
2026-03-05,nb2hugo-markdown,0
2026-03-06,nb2hugo-markdown,0
2026-03-07,nb2hugo-markdown,0
2026-03-08,nb2hugo-markdown,0
2026-03-09,nb2hugo-markdown,0
2026-03-10,nb2hugo-markdown,0
2026-03-11,nb2hugo-markdown,0
2026-03-12,nb2hugo-markdown,0
2026-03-13,nb2hugo-markdown,0
2026-03-14,nb2hugo-markdown,0
2026-03-15,nb2hugo-markdown,0
2026-03-16,nb2hugo-markdown,0
2026-03-04,sportcam-backend,0
2026-03-05,sportcam-backend,0
2026-03-06,sportcam-backend,0
2026-03-07,sportcam-backend,0
2026-03-08,sportcam-backend,0
2026-03-09,sportcam-backend,0
2026-03-10,sportcam-backend,0
2026-03-11,sportcam-backend,0
2026-03-12,sportcam-backend,0
2026-03-13,sportcam-backend,0
2026-03-14,sportcam-backend,0
2026-03-15,sportcam-backend,0
2026-03-16,sportcam-backend,0
2026-03-17,sportcam-backend,0
2026-03-04,sportcam-sensor,0
2026-03-05,sportcam-sensor,0
2026-03-06,sportcam-sensor,0
2026-03-07,sportcam-sensor,0
2026-03-08,sportcam-sensor,0
2026-03-09,sportcam-sensor,0
2026-03-10,sportcam-sensor,0
2026-03-11,sportcam-sensor,0
2026-03-12,sportcam-sensor,0
2026-03-13,sportcam-sensor,0
2026-03-14,sportcam-sensor,0
2026-03-15,sportcam-sensor,0
2026-03-16,sportcam-sensor,0
2026-03-17,sportcam-sensor,0
2026-03-03,wifi-mesh-evaluation,0
2026-03-04,wifi-mesh-evaluation,0
2026-03-05,wifi-mesh-evaluation,0
2026-03-06,wifi-mesh-evaluation,0
2026-03-07,wifi-mesh-evaluation,0
2026-03-08,wifi-mesh-evaluation,0
2026-03-09,wifi-mesh-evaluation,0
2026-03-10,wifi-mesh-evaluation,0
2026-03-11,wifi-mesh-evaluation,0
2026-03-12,wifi-mesh-evaluation,0
2026-03-13,wifi-mesh-evaluation,0
2026-03-14,wifi-mesh-evaluation,0
2026-03-15,wifi-mesh-evaluation,0
2026-03-16,wifi-mesh-evaluation,0
