date,repo,clones
2026-03-03,beautyboot,0
2026-03-03,formula-1-plotly-utils,1
2026-03-03,formula1-evaluations,0
2026-03-03,formula1-theme,0
2026-03-03,govdata,0
2026-03-03,nb2hugo-markdown,1
2026-03-03,wifi-mesh-evaluation,0
2026-03-04,beautyboot,0
2026-03-04,formula-1-plotly-utils,0
2026-03-04,formula1-evaluations,0
2026-03-04,formula1-theme,1
2026-03-04,github-repo-stats,0
2026-03-04,govdata,0
2026-03-04,nb2hugo-markdown,1
2026-03-04,sportcam-backend,0
2026-03-04,sportcam-sensor,0
2026-03-04,wifi-mesh-evaluation,1
2026-03-05,beautyboot,0
2026-03-05,formula-1-plotly-utils,1
2026-03-05,formula1-evaluations,1
2026-03-05,formula1-theme,0
2026-03-05,github-repo-stats,0
2026-03-05,govdata,0
2026-03-05,nb2hugo-markdown,0
2026-03-05,sportcam-backend,0
2026-03-05,sportcam-sensor,0
2026-03-05,wifi-mesh-evaluation,0
2026-03-06,beautyboot,0
2026-03-06,formula-1-plotly-utils,0
2026-03-06,formula1-evaluations,0
2026-03-06,formula1-theme,0
2026-03-06,github-repo-stats,0
2026-03-06,govdata,0
2026-03-06,nb2hugo-markdown,0
2026-03-06,sportcam-backend,0
2026-03-06,sportcam-sensor,0
2026-03-06,wifi-mesh-evaluation,0
2026-03-07,beautyboot,0
2026-03-07,formula-1-plotly-utils,0
2026-03-07,formula1-evaluations,0
2026-03-07,formula1-theme,0
2026-03-07,github-repo-stats,0
2026-03-07,govdata,0
2026-03-07,nb2hugo-markdown,0
2026-03-07,sportcam-backend,0
2026-03-07,sportcam-sensor,0
2026-03-07,wifi-mesh-evaluation,0
2026-03-08,beautyboot,1
2026-03-08,formula-1-plotly-utils,2
2026-03-08,formula1-evaluations,0
2026-03-08,formula1-theme,0
2026-03-08,github-repo-stats,0
2026-03-08,govdata,0
2026-03-08,nb2hugo-markdown,0
2026-03-08,sportcam-backend,0
2026-03-08,sportcam-sensor,0
2026-03-08,wifi-mesh-evaluation,0
2026-03-09,beautyboot,0
2026-03-09,formula-1-plotly-utils,0
2026-03-09,formula1-evaluations,0
2026-03-09,formula1-theme,0
2026-03-09,github-repo-stats,0
2026-03-09,govdata,0
2026-03-09,kaggle-evaluations,0
2026-03-09,linkvalidator,0
2026-03-09,nb2hugo-markdown,0
2026-03-09,pixelart,0
2026-03-09,protogia.github.io,0
2026-03-09,sportcam-backend,0
2026-03-09,sportcam-sensor,0
2026-03-09,wifi-mesh-evaluation,0
2026-03-10,beautyboot,0
2026-03-10,formula-1-plotly-utils,0
2026-03-10,formula1-evaluations,0
2026-03-10,formula1-theme,0
2026-03-10,github-repo-stats,0
2026-03-10,govdata,0
2026-03-10,kaggle-evaluations,0
2026-03-10,linkvalidator,0
2026-03-10,nb2hugo-markdown,0
2026-03-10,pixelart,0
2026-03-10,protogia.github.io,0
2026-03-10,sportcam-backend,0
2026-03-10,sportcam-sensor,0
2026-03-10,wifi-mesh-evaluation,0
2026-03-11,CANtoolbag,0
2026-03-11,HowToSummeries,0
2026-03-11,QRWizard,0
2026-03-11,beautyboot,0
2026-03-11,color-reader-lamp,0
2026-03-11,copyprotection-standalones,0
2026-03-11,copyprotector,0
2026-03-11,formula-1-plotly-utils,0
2026-03-11,formula-e-doc2db,0
2026-03-11,formula-e-scraper,0
2026-03-11,formula1-evaluations,2
2026-03-11,formula1-theme,1
2026-03-11,github-repo-stats,0
2026-03-11,govdata,0
2026-03-11,ignite,0
2026-03-11,kaggle-evaluations,0
2026-03-11,linkvalidator,0
2026-03-11,nb2hugo-markdown,1
2026-03-11,pixelart,0
2026-03-11,protogia.github.io,0
2026-03-11,souads_gallery,0
2026-03-11,souads_portfolio,0
2026-03-11,sportcam-backend,0
2026-03-11,sportcam-sensor,0
2026-03-11,wifi-mesh-evaluation,2
2026-03-11,workstation,0
2026-03-12,CANtoolbag,0
2026-03-12,HowToSummeries,0
2026-03-12,QRWizard,0
2026-03-12,beautyboot,0
2026-03-12,color-reader-lamp,0
2026-03-12,copyprotection-standalones,0
2026-03-12,copyprotector,0
2026-03-12,formula-1-plotly-utils,1
2026-03-12,formula-e-doc2db,0
2026-03-12,formula-e-scraper,0
2026-03-12,formula1-evaluations,0
2026-03-12,formula1-theme,0
2026-03-12,github-issue-reporter,0
2026-03-12,github-repo-stats,0
2026-03-12,govdata,1
2026-03-12,ignite,0
2026-03-12,kaggle-evaluations,1
2026-03-12,linkvalidator,0
2026-03-12,nb2hugo-markdown,0
2026-03-12,pixelart,0
2026-03-12,protogia.github.io,0
2026-03-12,souads_gallery,0
2026-03-12,souads_portfolio,0
2026-03-12,sportcam-backend,0
2026-03-12,sportcam-sensor,0
2026-03-12,wifi-mesh-evaluation,0
2026-03-12,workstation,0
2026-03-13,CANtoolbag,0
2026-03-13,HowToSummeries,0
2026-03-13,QRWizard,0
2026-03-13,beautyboot,0
2026-03-13,color-reader-lamp,0
2026-03-13,copyprotection-standalones,0
2026-03-13,copyprotector,0
2026-03-13,formula-1-plotly-utils,0
2026-03-13,formula-e-doc2db,0
2026-03-13,formula-e-scraper,0
2026-03-13,formula1-evaluations,0
2026-03-13,formula1-theme,16
2026-03-13,git-issue-reporter,0
2026-03-13,github-issue-reporter,0
2026-03-13,github-repo-stats,0
2026-03-13,govdata,0
2026-03-13,ignite,0
2026-03-13,kaggle-evaluations,0
2026-03-13,linkvalidator,0
2026-03-13,nb2hugo-markdown,0
2026-03-13,pixelart,0
2026-03-13,protogia.github.io,15
2026-03-13,souads_gallery,0
2026-03-13,souads_portfolio,0
2026-03-13,sportcam-backend,0
2026-03-13,sportcam-sensor,0
2026-03-13,wifi-mesh-evaluation,0
2026-03-13,workstation,0
2026-03-14,CANtoolbag,0
2026-03-14,HowToSummeries,0
2026-03-14,QRWizard,0
2026-03-14,beautyboot,0
2026-03-14,color-reader-lamp,0
2026-03-14,copyprotection-standalones,0
2026-03-14,copyprotector,0
2026-03-14,formula-1-plotly-utils,1
2026-03-14,formula-e-doc2db,0
2026-03-14,formula-e-scraper,0
2026-03-14,formula1-evaluations,1
2026-03-14,formula1-theme,2
2026-03-14,git-issue-reporter,0
2026-03-14,github-issue-reporter,0
2026-03-14,github-repo-stats,0
2026-03-14,govdata,0
2026-03-14,ignite,0
2026-03-14,kaggle-evaluations,1
2026-03-14,linkvalidator,0
2026-03-14,nb2hugo-markdown,1
2026-03-14,pixelart,0
2026-03-14,protogia.github.io,3
2026-03-14,souads_gallery,0
2026-03-14,souads_portfolio,0
2026-03-14,sportcam-backend,0
2026-03-14,sportcam-sensor,0
2026-03-14,wifi-mesh-evaluation,1
2026-03-14,workstation,0
2026-03-15,CANtoolbag,0
2026-03-15,HowToSummeries,0
2026-03-15,QRWizard,0
2026-03-15,beautyboot,0
2026-03-15,color-reader-lamp,0
2026-03-15,copyprotection-standalones,0
2026-03-15,copyprotector,0
2026-03-15,formula-1-plotly-utils,1
2026-03-15,formula-e-doc2db,0
2026-03-15,formula-e-scraper,0
2026-03-15,formula1-evaluations,0
2026-03-15,formula1-theme,21
2026-03-15,git-issue-reporter,0
2026-03-15,github-issue-reporter,0
2026-03-15,github-repo-stats,0
2026-03-15,govdata,0
2026-03-15,ignite,0
2026-03-15,kaggle-evaluations,0
2026-03-15,linkvalidator,0
2026-03-15,nb2hugo-markdown,0
2026-03-15,pixelart,0
2026-03-15,protogia.github.io,51
2026-03-15,souads_gallery,0
2026-03-15,souads_portfolio,0
2026-03-15,sportcam-backend,0
2026-03-15,sportcam-sensor,0
2026-03-15,wifi-mesh-evaluation,0
2026-03-15,workstation,0
2026-03-16,CANtoolbag,0
2026-03-16,HowToSummeries,0
2026-03-16,QRWizard,0
2026-03-16,beautyboot,1
2026-03-16,color-reader-lamp,0
2026-03-16,copyprotection-standalones,0
2026-03-16,copyprotector,0
2026-03-16,formula-1-plotly-utils,0
2026-03-16,formula-e-doc2db,0
2026-03-16,formula-e-scraper,0
2026-03-16,formula1-evaluations,0
2026-03-16,formula1-theme,1
2026-03-16,git-issue-reporter,0
2026-03-16,github-issue-reporter,0
2026-03-16,github-repo-stats,0
2026-03-16,govdata,0
2026-03-16,ignite,0
2026-03-16,kaggle-evaluations,0
2026-03-16,linkvalidator,0
2026-03-16,nb2hugo-markdown,0
2026-03-16,pixelart,0
2026-03-16,protogia.github.io,4
2026-03-16,souads_gallery,0
2026-03-16,souads_portfolio,0
2026-03-16,sportcam-backend,0
2026-03-16,sportcam-sensor,0
2026-03-16,wifi-mesh-evaluation,0
2026-03-16,workstation,0
2026-03-17,CANtoolbag,0
2026-03-17,HowToSummeries,0
2026-03-17,QRWizard,0
2026-03-17,beautyboot,0
2026-03-17,color-reader-lamp,0
2026-03-17,copyprotection-standalones,0
2026-03-17,copyprotector,0
2026-03-17,formula-1-plotly-utils,0
2026-03-17,formula-e-doc2db,0
2026-03-17,formula-e-scraper,0
2026-03-17,formula1-evaluations,0
2026-03-17,formula1-theme,2
2026-03-17,git-issue-reporter,0
2026-03-17,github-issue-reporter,0
2026-03-17,github-repo-stats,12
2026-03-17,govdata,0
2026-03-17,ignite,0
2026-03-17,kaggle-evaluations,0
2026-03-17,linkvalidator,0
2026-03-17,nb2hugo-markdown,0
2026-03-17,pixelart,0
2026-03-17,protogia.github.io,2
2026-03-17,souads_gallery,0
2026-03-17,souads_portfolio,0
2026-03-17,sportcam-backend,0
2026-03-17,sportcam-sensor,0
2026-03-17,wifi-mesh-evaluation,0
2026-03-17,workstation,0
2026-03-18,CANtoolbag,0
2026-03-18,HowToSummeries,0
2026-03-18,QRWizard,0
2026-03-18,beautyboot,0
2026-03-18,color-reader-lamp,0
2026-03-18,copyprotection-standalones,0
2026-03-18,copyprotector,0
2026-03-18,formula-1-plotly-utils,0
2026-03-18,formula-e-doc2db,0
2026-03-18,formula-e-scraper,0
2026-03-18,formula1-evaluations,0
2026-03-18,formula1-theme,0
2026-03-18,git-issue-reporter,0
2026-03-18,github-issue-reporter,0
2026-03-18,github-repo-stats,1
2026-03-18,govdata,1
2026-03-18,ignite,0
2026-03-18,kaggle-evaluations,0
2026-03-18,linkvalidator,0
2026-03-18,nb2hugo-markdown,1
2026-03-18,pixelart,0
2026-03-18,protogia.github.io,1
2026-03-18,souads_gallery,0
2026-03-18,souads_portfolio,0
2026-03-18,sportcam-backend,0
2026-03-18,sportcam-sensor,0
2026-03-18,wifi-mesh-evaluation,1
2026-03-18,workstation,0
2026-03-19,CANtoolbag,0
2026-03-19,HowToSummeries,0
2026-03-19,QRWizard,0
2026-03-19,beautyboot,0
2026-03-19,color-reader-lamp,0
2026-03-19,copyprotection-standalones,0
2026-03-19,copyprotector,0
2026-03-19,formula-1-plotly-utils,0
2026-03-19,formula-e-doc2db,0
2026-03-19,formula-e-scraper,0
2026-03-19,formula1-evaluations,0
2026-03-19,formula1-theme,2
2026-03-19,git-issue-reporter,0
2026-03-19,github-issue-reporter,0
2026-03-19,github-repo-stats,1
2026-03-19,govdata,0
2026-03-19,ignite,0
2026-03-19,kaggle-evaluations,0
2026-03-19,linkvalidator,0
2026-03-19,nb2hugo-markdown,0
2026-03-19,pixelart,0
2026-03-19,protogia.github.io,14
2026-03-19,souads_gallery,0
2026-03-19,souads_portfolio,0
2026-03-19,sportcam-backend,0
2026-03-19,sportcam-sensor,0
2026-03-19,wifi-mesh-evaluation,1
2026-03-19,workstation,0
2026-03-20,CANtoolbag,0
2026-03-20,HowToSummeries,0
2026-03-20,QRWizard,0
2026-03-20,beautyboot,0
2026-03-20,color-reader-lamp,0
2026-03-20,copyprotection-standalones,0
2026-03-20,copyprotector,0
2026-03-20,formula-1-plotly-utils,0
2026-03-20,formula-e-doc2db,0
2026-03-20,formula-e-scraper,0
2026-03-20,formula1-evaluations,0
2026-03-20,formula1-theme,0
2026-03-20,git-issue-reporter,0
2026-03-20,github-issue-reporter,0
2026-03-20,github-repo-stats,3
2026-03-20,govdata,0
2026-03-20,ignite,0
2026-03-20,kaggle-evaluations,0
2026-03-20,linkvalidator,1
2026-03-20,nb2hugo-markdown,0
2026-03-20,pixelart,0
2026-03-20,protogia.github.io,0
2026-03-20,souads_gallery,0
2026-03-20,souads_portfolio,0
2026-03-20,sportcam-backend,0
2026-03-20,sportcam-sensor,0
2026-03-20,wifi-mesh-evaluation,0
2026-03-20,workstation,0
2026-03-21,CANtoolbag,0
2026-03-21,HowToSummeries,0
2026-03-21,QRWizard,0
2026-03-21,beautyboot,0
2026-03-21,color-reader-lamp,0
2026-03-21,copyprotection-standalones,0
2026-03-21,copyprotector,0
2026-03-21,formula-1-plotly-utils,0
2026-03-21,formula-e-doc2db,0
2026-03-21,formula-e-scraper,0
2026-03-21,formula1-evaluations,0
2026-03-21,formula1-theme,2
2026-03-21,git-issue-reporter,0
2026-03-21,github-issue-reporter,0
2026-03-21,github-repo-stats,1
2026-03-21,govdata,0
2026-03-21,ignite,0
2026-03-21,kaggle-evaluations,1
2026-03-21,linkvalidator,0
2026-03-21,nb2hugo-markdown,0
2026-03-21,pixelart,1
2026-03-21,protogia.github.io,0
2026-03-21,souads_gallery,0
2026-03-21,souads_portfolio,0
2026-03-21,sportcam-backend,0
2026-03-21,sportcam-sensor,0
2026-03-21,wifi-mesh-evaluation,0
2026-03-21,workstation,0
2026-03-22,CANtoolbag,0
2026-03-22,HowToSummeries,0
2026-03-22,QRWizard,0
2026-03-22,beautyboot,0
2026-03-22,color-reader-lamp,0
2026-03-22,copyprotection-standalones,0
2026-03-22,copyprotector,0
2026-03-22,formula-1-plotly-utils,0
2026-03-22,formula-e-doc2db,0
2026-03-22,formula-e-scraper,0
2026-03-22,formula1-evaluations,1
2026-03-22,formula1-theme,0
2026-03-22,git-issue-reporter,0
2026-03-22,github-issue-reporter,0
2026-03-22,github-repo-stats,1
2026-03-22,govdata,0
2026-03-22,ignite,0
2026-03-22,kaggle-evaluations,0
2026-03-22,linkvalidator,0
2026-03-22,nb2hugo-markdown,0
2026-03-22,pixelart,0
2026-03-22,protogia.github.io,0
2026-03-22,souads_gallery,0
2026-03-22,souads_portfolio,0
2026-03-22,sportcam-backend,0
2026-03-22,sportcam-sensor,0
2026-03-22,wifi-mesh-evaluation,0
2026-03-22,workstation,0
2026-03-23,CANtoolbag,0
2026-03-23,HowToSummeries,0
2026-03-23,QRWizard,0
2026-03-23,beautyboot,0
2026-03-23,color-reader-lamp,0
2026-03-23,copyprotection-standalones,0
2026-03-23,copyprotector,0
2026-03-23,formula-1-plotly-utils,0
2026-03-23,formula-e-doc2db,0
2026-03-23,formula-e-scraper,0
2026-03-23,formula1-evaluations,0
2026-03-23,formula1-theme,13
2026-03-23,git-issue-reporter,0
2026-03-23,github-issue-reporter,0
2026-03-23,github-repo-stats,12
2026-03-23,govdata,0
2026-03-23,ignite,0
2026-03-23,kaggle-evaluations,0
2026-03-23,linkvalidator,0
2026-03-23,nb2hugo-markdown,1
2026-03-23,pixelart,0
2026-03-23,protogia.github.io,24
2026-03-23,souads_gallery,0
2026-03-23,souads_portfolio,0
2026-03-23,sportcam-backend,0
2026-03-23,sportcam-sensor,0
2026-03-23,wifi-mesh-evaluation,0
2026-03-23,workstation,0
2026-03-24,CANtoolbag,0
2026-03-24,HowToSummeries,0
2026-03-24,QRWizard,0
2026-03-24,beautyboot,0
2026-03-24,color-reader-lamp,0
2026-03-24,copyprotection-standalones,0
2026-03-24,copyprotector,0
2026-03-24,formula-1-plotly-utils,1
2026-03-24,formula-e-doc2db,0
2026-03-24,formula-e-scraper,0
2026-03-24,formula1-evaluations,1
2026-03-24,formula1-theme,1
2026-03-24,git-issue-reporter,0
2026-03-24,github-issue-reporter,0
2026-03-24,github-repo-stats,15
2026-03-24,govdata,0
2026-03-24,ignite,0
2026-03-24,kaggle-evaluations,0
2026-03-24,linkvalidator,0
2026-03-24,nb2hugo-markdown,0
2026-03-24,pixelart,0
2026-03-24,protogia.github.io,1
2026-03-24,souads_gallery,0
2026-03-24,souads_portfolio,0
2026-03-24,sportcam-backend,0
2026-03-24,sportcam-sensor,0
2026-03-24,wifi-mesh-evaluation,0
2026-03-24,workstation,0
2026-03-25,CANtoolbag,0
2026-03-25,HowToSummeries,0
2026-03-25,QRWizard,0
2026-03-25,beautyboot,0
2026-03-25,color-reader-lamp,0
2026-03-25,copyprotection-standalones,0
2026-03-25,copyprotector,0
2026-03-25,formula-1-plotly-utils,0
2026-03-25,formula-e-doc2db,0
2026-03-25,formula-e-scraper,0
2026-03-25,formula1-evaluations,0
2026-03-25,formula1-theme,2
2026-03-25,git-issue-reporter,0
2026-03-25,github-issue-reporter,0
2026-03-25,github-repo-stats,13
2026-03-25,govdata,0
2026-03-25,ignite,0
2026-03-25,kaggle-evaluations,0
2026-03-25,linkvalidator,0
2026-03-25,nb2hugo-markdown,0
2026-03-25,pixelart,0
2026-03-25,protogia.github.io,3
2026-03-25,souads_gallery,0
2026-03-25,souads_portfolio,0
2026-03-25,sportcam-backend,0
2026-03-25,sportcam-sensor,0
2026-03-25,wifi-mesh-evaluation,0
2026-03-25,workstation,0
2026-03-26,CANtoolbag,0
2026-03-26,HowToSummeries,0
2026-03-26,beautyboot,1
2026-03-26,color-reader-lamp,0
2026-03-26,copyprotection-standalones,0
2026-03-26,copyprotector,0
2026-03-26,formula-1-plotly-utils,0
2026-03-26,formula-e-doc2db,0
2026-03-26,formula-e-scraper,0
2026-03-26,formula1-evaluations,0
2026-03-26,formula1-theme,1
2026-03-26,git-issue-reporter,2
2026-03-26,github-repo-stats,7
2026-03-26,govdata,0
2026-03-26,ignite,0
2026-03-26,kaggle-evaluations,0
2026-03-26,linkvalidator,0
2026-03-26,nb2hugo-markdown,0
2026-03-26,pixelart,0
2026-03-26,protogia.github.io,0
2026-03-26,souads_gallery,0
2026-03-26,souads_portfolio,0
2026-03-26,sportcam-backend,0
2026-03-26,sportcam-sensor,0
2026-03-26,wifi-mesh-evaluation,0
2026-03-26,workstation,0
2026-03-27,CANtoolbag,0
2026-03-27,HowToSummeries,0
2026-03-27,beautyboot,1
2026-03-27,color-reader-lamp,0
2026-03-27,copyprotection-standalones,0
2026-03-27,copyprotector,0
2026-03-27,formula-1-plotly-utils,0
2026-03-27,formula-e-doc2db,0
2026-03-27,formula-e-scraper,0
2026-03-27,formula1-evaluations,1
2026-03-27,formula1-theme,0
2026-03-27,git-issue-reporter,0
2026-03-27,github-repo-stats,8
2026-03-27,govdata,0
2026-03-27,ignite,0
2026-03-27,kaggle-evaluations,0
2026-03-27,linkvalidator,1
2026-03-27,nb2hugo-markdown,0
2026-03-27,pixelart,0
2026-03-27,protogia.github.io,2
2026-03-27,souads_gallery,0
2026-03-27,souads_portfolio,0
2026-03-27,sportcam-backend,0
2026-03-27,sportcam-sensor,0
2026-03-27,wifi-mesh-evaluation,0
2026-03-27,workstation,0
2026-03-28,CANtoolbag,0
2026-03-28,HowToSummeries,0
2026-03-28,beautyboot,0
2026-03-28,color-reader-lamp,0
2026-03-28,copyprotection-standalones,0
2026-03-28,copyprotector,0
2026-03-28,formula-1-plotly-utils,0
2026-03-28,formula-e-doc2db,0
2026-03-28,formula-e-scraper,0
2026-03-28,formula1-evaluations,0
2026-03-28,formula1-theme,0
2026-03-28,git-issue-reporter,0
2026-03-28,github-repo-stats,13
2026-03-28,govdata,2
2026-03-28,ignite,0
2026-03-28,kaggle-evaluations,0
2026-03-28,linkvalidator,0
2026-03-28,nb2hugo-markdown,0
2026-03-28,pixelart,0
2026-03-28,protogia.github.io,2
2026-03-28,souads_gallery,0
2026-03-28,souads_portfolio,0
2026-03-28,sportcam-backend,0
2026-03-28,sportcam-sensor,0
2026-03-28,wifi-mesh-evaluation,0
2026-03-28,workstation,0
2026-03-29,CANtoolbag,0
2026-03-29,HowToSummeries,0
2026-03-29,beautyboot,0
2026-03-29,color-reader-lamp,0
2026-03-29,copyprotection-standalones,0
2026-03-29,copyprotector,0
2026-03-29,formula-1-plotly-utils,1
2026-03-29,formula-e-doc2db,0
2026-03-29,formula-e-scraper,0
2026-03-29,formula1-evaluations,0
2026-03-29,formula1-theme,2
2026-03-29,git-issue-reporter,0
2026-03-29,github-repo-stats,10
2026-03-29,govdata,1
2026-03-29,ignite,0
2026-03-29,kaggle-evaluations,0
2026-03-29,linkvalidator,0
2026-03-29,nb2hugo-markdown,1
2026-03-29,pixelart,0
2026-03-29,protogia.github.io,1
2026-03-29,souads_gallery,0
2026-03-29,souads_portfolio,0
2026-03-29,sportcam-backend,0
2026-03-29,sportcam-sensor,0
2026-03-29,wifi-mesh-evaluation,0
2026-03-29,workstation,0
2026-03-30,CANtoolbag,0
2026-03-30,HowToSummeries,0
2026-03-30,beautyboot,0
2026-03-30,color-reader-lamp,0
2026-03-30,copyprotection-standalones,0
2026-03-30,copyprotector,0
2026-03-30,formula-1-plotly-utils,0
2026-03-30,formula-e-doc2db,0
2026-03-30,formula-e-scraper,0
2026-03-30,formula1-evaluations,0
2026-03-30,formula1-theme,0
2026-03-30,git-issue-reporter,0
2026-03-30,github-repo-stats,8
2026-03-30,govdata,0
2026-03-30,ignite,0
2026-03-30,kaggle-evaluations,0
2026-03-30,linkvalidator,0
2026-03-30,nb2hugo-markdown,1
2026-03-30,pixelart,0
2026-03-30,protogia.github.io,2
2026-03-30,souads_gallery,0
2026-03-30,souads_portfolio,0
2026-03-30,sportcam-backend,0
2026-03-30,sportcam-sensor,0
2026-03-30,wifi-mesh-evaluation,0
2026-03-30,workstation,0
2026-03-31,CANtoolbag,0
2026-03-31,HowToSummeries,0
2026-03-31,beautyboot,0
2026-03-31,color-reader-lamp,0
2026-03-31,copyprotection-standalones,0
2026-03-31,copyprotector,0
2026-03-31,formula-1-plotly-utils,0
2026-03-31,formula-e-doc2db,0
2026-03-31,formula-e-scraper,0
2026-03-31,formula1-evaluations,3
2026-03-31,formula1-theme,1
2026-03-31,git-issue-reporter,0
2026-03-31,github-repo-stats,11
2026-03-31,govdata,0
2026-03-31,ignite,0
2026-03-31,kaggle-evaluations,0
2026-03-31,linkvalidator,0
2026-03-31,nb2hugo-markdown,0
2026-03-31,pixelart,1
2026-03-31,protogia.github.io,0
2026-03-31,souads_gallery,0
2026-03-31,souads_portfolio,0
2026-03-31,sportcam-backend,0
2026-03-31,sportcam-sensor,0
2026-03-31,wifi-mesh-evaluation,3
2026-03-31,workstation,0
2026-04-01,CANtoolbag,0
2026-04-01,HowToSummeries,0
2026-04-01,beautyboot,0
2026-04-01,color-reader-lamp,0
2026-04-01,copyprotection-standalones,0
2026-04-01,copyprotector,0
2026-04-01,formula-1-plotly-utils,1
2026-04-01,formula-e-doc2db,0
2026-04-01,formula-e-scraper,0
2026-04-01,formula1-evaluations,0
2026-04-01,formula1-theme,2
2026-04-01,git-issue-reporter,4
2026-04-01,github-repo-stats,3
2026-04-01,govdata,0
2026-04-01,ignite,0
2026-04-01,kaggle-evaluations,0
2026-04-01,linkvalidator,0
2026-04-01,nb2hugo-markdown,0
2026-04-01,pixelart,0
2026-04-01,protogia.github.io,5
2026-04-01,souads_gallery,0
2026-04-01,souads_portfolio,0
2026-04-01,sportcam-backend,0
2026-04-01,sportcam-sensor,0
2026-04-01,wifi-mesh-evaluation,0
2026-04-01,workstation,0
2026-04-02,CANtoolbag,0
2026-04-02,HowToSummeries,0
2026-04-02,color-reader-lamp,0
2026-04-02,copyprotection-standalones,0
2026-04-02,copyprotector,0
2026-04-02,formula-e-doc2db,0
2026-04-02,formula-e-scraper,0
2026-04-02,ignite,0
2026-04-02,souads_gallery,0
2026-04-02,souads_portfolio,0
2026-04-02,sportcam-backend,0
2026-04-02,sportcam-sensor,0
2026-04-02,workstation,0
2026-04-03,CANtoolbag,0
2026-04-03,HowToSummeries,0
2026-04-03,color-reader-lamp,0
2026-04-03,copyprotection-standalones,0
2026-04-03,copyprotector,0
2026-04-03,formula-e-doc2db,0
2026-04-03,formula-e-scraper,0
2026-04-03,ignite,0
2026-04-03,souads_gallery,0
2026-04-03,souads_portfolio,0
2026-04-03,sportcam-backend,0
2026-04-03,sportcam-sensor,0
2026-04-03,workstation,0
