date,repo,commits
2026-03-13,formula1-theme,2
2026-03-13,protogia.github.io,3
2026-03-15,formula1-theme,4
2026-03-15,protogia.github.io,6
2026-03-16,github-repo-stats,9
2026-03-17,github-repo-stats,19
2026-03-18,github-repo-stats,10
2026-03-18,protogia.github.io,2
2026-03-19,formula-e-doc2db,2
2026-03-19,formula-e-scraper,4
2026-03-19,protogia.github.io,1
2026-03-20,github-repo-stats,3
2026-03-21,formula-e-doc2db,6
2026-03-21,github-repo-stats,1
2026-03-22,formula-e-doc2db,1
2026-03-22,github-repo-stats,1
2026-03-23,formula-e-doc2db,7
2026-03-23,formula1-theme,1
2026-03-23,github-repo-stats,3
2026-03-23,protogia.github.io,3
2026-03-24,formula-e-doc2db,3
2026-03-24,git-issue-reporter,7
2026-03-24,github-issue-reporter,7
2026-03-24,github-repo-stats,1
2026-03-25,git-issue-reporter,8
2026-03-25,github-repo-stats,4
2026-03-26,formula-e-doc2db,2
2026-03-26,git-issue-reporter,6
2026-03-26,github-repo-stats,1
2026-03-27,git-issue-reporter,3
2026-03-27,github-repo-stats,1
